1;C:\Users\dasco\OneDrive\Pictures\ProfilePhotos\sergiu1.png
2;C:\Users\dasco\OneDrive\Pictures\ProfilePhotos\larisuuuca.png
4;C:\Users\dasco\OneDrive\Pictures\ProfilePhotos\patricea.png
5;C:\Users\dasco\OneDrive\Pictures\ProfilePhotos\elenabun.png
6;C:\Users\dasco\OneDrive\Pictures\ProfilePhotos\carina.png
7;C:\Users\dasco\OneDrive\Pictures\ProfilePhotos\mariaBun.jpg
8;C:\Users\dasco\IdeaProjects\proiect-lab-schelet\src\main\resources\images\noProfilePhoto.png
9;C:\Users\dasco\IdeaProjects\proiect-lab-schelet\src\main\resources\images\noProfilePhoto.png
10;C:\Users\dasco\IdeaProjects\proiect-lab-schelet\src\main\resources\images\noProfilePhoto.png
11;C:\Users\dasco\IdeaProjects\proiect-lab-schelet\src\main\resources\images\noProfilePhoto.png
3;C:\Users\dasco\OneDrive\Pictures\ProfilePhotos\me.jpg
